Index,Real,Imag
0,4,0
1,1,-2.41421
2,-1.83691e-016,-2.22045e-016
3,1,-0.414214
4,0,-2.44921e-016
5,1,0.414214
6,3.29028e-016,-3.33067e-016
7,1,2.41421
